condition,repeats,sent,loss_pct,pooled_p99_ms,longest_echo_gap_ms,deadline20_pct,deadline50_pct
independent-ch11,3,9000,0.0,13.102677790000005,42.644442,0.15555555555555556,0.0
independent-ch11idle,3,9000,0.0,10.774399690000001,33.019276,0.022222222222222223,0.0
independent-ch1w20,3,9000,0.0,13.837333010000034,44.2956,0.18888888888888888,0.0
independent-ch1w40,3,9000,0.0,19.998419470000034,62.559294,1.0,0.011111111111111112
independent-ch6,3,9000,0.0,26.45986441000001,68.291176,1.7666666666666666,0.16666666666666669
independent-ch6idle,3,9000,0.0,10.188995750000004,43.124497,0.05555555555555555,0.0
independent-ch7,3,9000,0.0,15.601505290000006,40.35587,0.25555555555555554,0.0
independent-ch7idle,3,9000,0.0,10.36664792,27.148305,0.03333333333333333,0.0
independent-ch7low,3,9000,0.0,15.139862940000006,39.264664,0.24444444444444444,0.0
sameap-load0,3,9000,0.0,10.563494610000019,24.534836,0.0,0.0
sameap-load20,3,9000,0.0,20.96483437000004,48.82519,1.3222222222222222,0.0
sameap-load60,3,9000,0.0,36.931420200000105,102.889572,7.4222222222222225,0.4
sameap-ps-load20,2,6000,0.04999999999999449,21.414034039999994,97.602166,1.3833333333333333,0.13333333333333333
udp20-ch11,3,9000,0.011111111111106187,58.36125898000009,130.71143,5.644444444444445,1.5
udp20-ch11idle,3,9000,0.0,13.692253940000002,37.462328,0.07777777777777778,0.0
udp20-ch1w20,3,9000,0.0,16.10070285000001,33.608161,0.24444444444444444,0.0
udp20-ch1w40,3,9000,0.0,133.86602093000013,192.681344,40.58888888888889,16.155555555555555
udp20-ch6,3,9000,0.0,19.36919164000002,60.611478,0.8222222222222222,0.03333333333333333
udp20-ch7,3,9000,0.0,18.32357608000001,53.521238,0.5555555555555556,0.0
